TKUFA2,Textbox59,Textbox66,Textbox67
 סיכום פעילות גמל לחודש 05/1999,        (במיליוני ש''ח),קופת גמל היא מכשיר חיסכון לטווח בינוני וארוך ומומלץ מאד לבחון את ביצועי הקופה לאורך זמן ולא לאורך חודשים בודדים,הנתונים המוצגים באתר דווחו על ידי הגופים המדווחים ובאחריותם

Textbox65,Textbox77,Textbox78,Textbox83,Textbox84,Textbox103,Textbox85,Textbox86,Textbox87,Textbox88,Textbox89,Textbox90,SHM2,ID2,Textbox105,Textbox92,Textbox93,Textbox94,Textbox104,Textbox106,Textbox107,Textbox108,Textbox98,Textbox99
"שיעור דמי ניהול
ממוצע לשנת
2017",- - -,-113.4,"9,964.4",0.70%,0.61%,- - -,- - -,- - -,7.07%,1.38%,," *** הראל אג""ח עד 25% מניות ",101,,-695.6,"143,355.7",0.59%,0.45%,,,,6.18%,1.41%
"שיעור דמי ניהול
ממוצע לשנת
2017",- - -,-10.6,"1,029.0",- - -,- - -,- - -,- - -,- - -,6.38%,1.74%,לא פעיל, *** אקסלנס גמל פלטינום,102,,-695.6,"143,355.7",0.59%,0.45%,,,,6.18%,1.41%
"שיעור דמי ניהול
ממוצע לשנת
2017",- - -,-28.2,"3,443.6",0.70%,0.61%,- - -,- - -,- - -,5.94%,1.52%,, *** מיטב דש גמל לבני  50-60,103,,-695.6,"143,355.7",0.59%,0.45%,,,,6.18%,1.41%
"שיעור דמי ניהול
ממוצע לשנת
2017",- - -,-38.0,"2,555.7",- - -,- - -,- - -,- - -,- - -,6.63%,1.38%,לא פעיל,פסגות צור,104,,-695.6,"143,355.7",0.59%,0.45%,,,,6.18%,1.41%
"שיעור דמי ניהול
ממוצע לשנת
2017",- - -,-3.5,171.7,- - -,- - -,- - -,- - -,- - -,6.53%,1.23%,לא פעיל,ישיר המלאכה,105,,-695.6,"143,355.7",0.59%,0.45%,,,,6.18%,1.41%
"שיעור דמי ניהול
ממוצע לשנת
2017",- - -,-94.1,"14,306.4",- - -,- - -,- - -,- - -,- - -,7.22%,1.80%,לא פעיל, *** פסגות גדיש כללי,106,,-695.6,"143,355.7",0.59%,0.45%,,,,6.18%,1.41%
"שיעור דמי ניהול
ממוצע לשנת
2017",- - -,-7.1,575.9,0.58%,0.00%,- - -,- - -,- - -,6.15%,1.66%,," *** הלמן-אלדובי בר-יציב אג""ח עד 25% במניות",107,,-695.6,"143,355.7",0.59%,0.45%,,,,6.18%,1.41%
"שיעור דמי ניהול
ממוצע לשנת
2017",- - -,-3.4,210.7,- - -,- - -,- - -,- - -,- - -,- - -,- - -,לא פעיל,** נדבכים,108,,-695.6,"143,355.7",0.59%,0.45%,,,,6.18%,1.41%
"שיעור דמי ניהול
ממוצע לשנת
2017",- - -,0.0,1.6,- - -,- - -,- - -,- - -,- - -,15.56%,2.61%,לא פעיל, *** להיט מניות,109,,-695.6,"143,355.7",0.59%,0.45%,,,,6.18%,1.41%
"שיעור דמי ניהול
ממוצע לשנת
2017",- - -,-0.8,47.6,- - -,- - -,- - -,- - -,- - -,5.33%,1.78%,לא פעיל,** ויתקין,110,,-695.6,"143,355.7",0.59%,0.45%,,,,6.18%,1.41%
"שיעור דמי ניהול
ממוצע לשנת
2017",- - -,-16.3,"1,034.8",- - -,- - -,- - -,- - -,- - -,6.43%,1.24%,לא פעיל, *** מיטב מירון,111,,-695.6,"143,355.7",0.59%,0.45%,,,,6.18%,1.41%
"שיעור דמי ניהול
ממוצע לשנת
2017",- - -,-1.1,137.1,- - -,- - -,- - -,- - -,- - -,5.88%,1.30%,לא פעיל,הראל רימון,112,,-695.6,"143,355.7",0.59%,0.45%,,,,6.18%,1.41%
"שיעור דמי ניהול
ממוצע לשנת
2017",- - -,-17.9,"2,218.3",- - -,- - -,- - -,- - -,- - -,6.77%,1.69%,לא פעיל, *** פסגות קרן אור,113,,-695.6,"143,355.7",0.59%,0.45%,,,,6.18%,1.41%
"שיעור דמי ניהול
ממוצע לשנת
2017",- - -,-0.2,27.1,- - -,- - -,- - -,- - -,- - -,- - -,- - -,לא פעיל,אי.בי.אי שחר,114,,-695.6,"143,355.7",0.59%,0.45%,,,,6.18%,1.41%
"שיעור דמי ניהול
ממוצע לשנת
2017",- - -,-4.5,517.4,- - -,- - -,- - -,- - -,- - -,5.22%,1.34%,לא פעיל, *** ** הגומל מסלול כללי,115,,-695.6,"143,355.7",0.59%,0.45%,,,,6.18%,1.41%
"שיעור דמי ניהול
ממוצע לשנת
2017",- - -,-0.1,3.1,- - -,- - -,- - -,- - -,- - -,6.03%,1.24%,לא פעיל,** סוכני הבטוח,116,,-695.6,"143,355.7",0.59%,0.45%,,,,6.18%,1.41%
"שיעור דמי ניהול
ממוצע לשנת
2017",- - -,0.0,7.0,0.58%,0.04%,- - -,- - -,- - -,2.21%,0.51%,," *** כלל תמר אג""ח ",117,,-695.6,"143,355.7",0.59%,0.45%,,,,6.18%,1.41%
"שיעור דמי ניהול
ממוצע לשנת
2017",- - -,0.0,3.6,0.51%,- - -,- - -,- - -,- - -,8.42%,1.93%,,אנליסט קופה מרכזית לפיצויים מסלול כללי,118,,-695.6,"143,355.7",0.59%,0.45%,,,,6.18%,1.41%
"שיעור דמי ניהול
ממוצע לשנת
2017",- - -,-4.0,456.7,0.73%,0.32%,- - -,- - -,- - -,6.58%,1.84%,,מנורה מבטחים יותר מסלול ד,119,,-695.6,"143,355.7",0.59%,0.45%,,,,6.18%,1.41%
"שיעור דמי ניהול
ממוצע לשנת
2017",- - -,0.1,42.8,0.45%,- - -,- - -,- - -,- - -,- - -,- - -,,מיטב דש ביטחון מבטיח תשואה 4.5%,120,,-695.6,"143,355.7",0.59%,0.45%,,,,6.18%,1.41%
"שיעור דמי ניהול
ממוצע לשנת
2017",- - -,0.0,32.9,- - -,- - -,- - -,- - -,- - -,6.91%,1.39%,לא פעיל,ישיר תוחלת,121,,-695.6,"143,355.7",0.59%,0.45%,,,,6.18%,1.41%
"שיעור דמי ניהול
ממוצע לשנת
2017",- - -,-1.9,120.7,- - -,- - -,- - -,- - -,- - -,5.21%,1.30%,לא פעיל,מנורה גמל פלס,122,,-695.6,"143,355.7",0.59%,0.45%,,,,6.18%,1.41%
"שיעור דמי ניהול
ממוצע לשנת
2017",- - -,0.1,71.2,- - -,- - -,- - -,- - -,- - -,10.58%,2.52%,לא פעיל, *** אקסלנס גמולה,123,,-695.6,"143,355.7",0.59%,0.45%,,,,6.18%,1.41%
"שיעור דמי ניהול
ממוצע לשנת
2017",- - -,-0.1,83.1,0.54%,0.08%,- - -,- - -,- - -,2.86%,0.93%,, *** כלל תמר מדד,124,,-695.6,"143,355.7",0.59%,0.45%,,,,6.18%,1.41%
"שיעור דמי ניהול
ממוצע לשנת
2017",- - -,0.2,11.7,- - -,- - -,- - -,- - -,- - -,- - -,- - -,לא פעיל, *** אשכולות כללי,125,,-695.6,"143,355.7",0.59%,0.45%,,,,6.18%,1.41%
"שיעור דמי ניהול
ממוצע לשנת
2017",- - -,0.0,7.9,- - -,- - -,- - -,- - -,- - -,- - -,- - -,לא פעיל," *** כלל תמר מט""ח",126,,-695.6,"143,355.7",0.59%,0.45%,,,,6.18%,1.41%
"שיעור דמי ניהול
ממוצע לשנת
2017",- - -,0.5,7.9,0.61%,0.05%,- - -,- - -,- - -,8.07%,1.67%,, *** כלל תמר מניות,127,,-695.6,"143,355.7",0.59%,0.45%,,,,6.18%,1.41%
"שיעור דמי ניהול
ממוצע לשנת
2017",- - -,-0.4,10.1,0.54%,0.03%,- - -,- - -,- - -,4.16%,1.07%,, *** כלל תמר שקלי טווח קצר,128,,-695.6,"143,355.7",0.59%,0.45%,,,,6.18%,1.41%
"שיעור דמי ניהול
ממוצע לשנת
2017",- - -,0.0,6.0,- - -,- - -,- - -,- - -,- - -,7.58%,1.47%,לא פעיל, *** ** יבול,129,,-695.6,"143,355.7",0.59%,0.45%,,,,6.18%,1.41%
"שיעור דמי ניהול
ממוצע לשנת
2017",- - -,0.6,36.3,0.68%,- - -,- - -,- - -,- - -,4.60%,1.11%,,** שובל,130,,-695.6,"143,355.7",0.59%,0.45%,,,,6.18%,1.41%
"שיעור דמי ניהול
ממוצע לשנת
2017",- - -,3.6,200.6,0.96%,- - -,- - -,- - -,- - -,6.06%,1.20%,, *** הלמן-אלדובי השתלמות כללי,132,,-695.6,"143,355.7",0.59%,0.45%,,,,6.18%,1.41%
"שיעור דמי ניהול
ממוצע לשנת
2017",- - -,0.4,133.6,- - -,- - -,- - -,- - -,- - -,5.85%,1.07%,לא פעיל,** ישיר מניפה,133,,-695.6,"143,355.7",0.59%,0.45%,,,,6.18%,1.41%
"שיעור דמי ניהול
ממוצע לשנת
2017",- - -,0.5,7.3,- - -,- - -,- - -,- - -,- - -,6.17%,0.67%,לא פעיל, *** דש קפיטל גמל זהב,135,,-695.6,"143,355.7",0.59%,0.45%,,,,6.18%,1.41%
"שיעור דמי ניהול
ממוצע לשנת
2017",- - -,0.0,1.1,- - -,- - -,- - -,- - -,- - -,7.08%,0.82%,לא פעיל, *** דש קפיטל גמל,136,,-695.6,"143,355.7",0.59%,0.45%,,,,6.18%,1.41%
"שיעור דמי ניהול
ממוצע לשנת
2017",- - -,1.3,21.9,- - -,- - -,- - -,- - -,- - -,6.16%,0.73%,לא פעיל, *** דש קפיטל השתלמות,137,,-695.6,"143,355.7",0.59%,0.45%,,,,6.18%,1.41%
"שיעור דמי ניהול
ממוצע לשנת
2017",- - -,-0.1,7.7,- - -,- - -,- - -,- - -,- - -,6.14%,0.70%,לא פעיל, *** דש קפיטל-פיצויים,138,,-695.6,"143,355.7",0.59%,0.45%,,,,6.18%,1.41%
"שיעור דמי ניהול
ממוצע לשנת
2017",- - -,-0.1,27.7,- - -,- - -,- - -,- - -,- - -,6.73%,1.10%,לא פעיל, *** ** כלל דגש,139,,-695.6,"143,355.7",0.59%,0.45%,,,,6.18%,1.41%
"שיעור דמי ניהול
ממוצע לשנת
2017",- - -,-0.3,22.5,- - -,- - -,- - -,- - -,- - -,5.18%,1.36%,לא פעיל,מבטחים-פיצויים,140,,-695.6,"143,355.7",0.59%,0.45%,,,,6.18%,1.41%
"שיעור דמי ניהול
ממוצע לשנת
2017",- - -,0.2,9.7,- - -,- - -,- - -,- - -,- - -,16.46%,1.88%,לא פעיל,הלמן-אלדובי ברק,142,,-695.6,"143,355.7",0.59%,0.45%,,,,6.18%,1.41%
"שיעור דמי ניהול
ממוצע לשנת
2017",- - -,1.6,61.2,- - -,- - -,- - -,- - -,- - -,9.59%,1.61%,לא פעיל, *** תגמולים,143,,-695.6,"143,355.7",0.59%,0.45%,,,,6.18%,1.41%
"שיעור דמי ניהול
ממוצע לשנת
2017",- - -,0.2,21.2,- - -,- - -,- - -,- - -,- - -,9.46%,1.66%,לא פעיל,הלמן-אלדובי לפיצויים,144,,-695.6,"143,355.7",0.59%,0.45%,,,,6.18%,1.41%
"שיעור דמי ניהול
ממוצע לשנת
2017",- - -,2.7,55.7,- - -,- - -,- - -,- - -,- - -,10.07%,1.63%,לא פעיל, *** הלמן-אלדובי השתלמות,145,,-695.6,"143,355.7",0.59%,0.45%,,,,6.18%,1.41%
"שיעור דמי ניהול
ממוצע לשנת
2017",- - -,3.6,191.7,- - -,- - -,- - -,- - -,- - -,3.27%,0.92%,לא פעיל, *** חריש,146,,-695.6,"143,355.7",0.59%,0.45%,,,,6.18%,1.41%
"שיעור דמי ניהול
ממוצע לשנת
2017",- - -,0.9,35.8,- - -,- - -,- - -,- - -,- - -,3.25%,0.93%,לא פעיל, *** ערד,147,,-695.6,"143,355.7",0.59%,0.45%,,,,6.18%,1.41%
"שיעור דמי ניהול
ממוצע לשנת
2017",- - -,0.0,4.1,- - -,- - -,- - -,- - -,- - -,6.75%,1.30%,לא פעיל,פסגות חרמון,148,,-695.6,"143,355.7",0.59%,0.45%,,,,6.18%,1.41%
"שיעור דמי ניהול
ממוצע לשנת
2017",- - -,0.0,5.3,0.54%,- - -,- - -,- - -,- - -,6.56%,1.18%,,פסגות שיא פיצויים כללי,150,,-695.6,"143,355.7",0.59%,0.45%,,,,6.18%,1.41%
"שיעור דמי ניהול
ממוצע לשנת
2017",- - -,0.0,8.0,- - -,- - -,- - -,- - -,- - -,6.52%,1.13%,לא פעיל,פסגות תבור,151,,-695.6,"143,355.7",0.59%,0.45%,,,,6.18%,1.41%
"שיעור דמי ניהול
ממוצע לשנת
2017",- - -,0.0,5.0,0.65%,- - -,- - -,- - -,- - -,3.79%,0.62%,,כלל ברזל,152,,-695.6,"143,355.7",0.59%,0.45%,,,,6.18%,1.41%
"שיעור דמי ניהול
ממוצע לשנת
2017",- - -,0.0,0.9,- - -,- - -,- - -,- - -,- - -,6.90%,1.70%,לא פעיל, *** הראל גמל לגילאי 50 עד 60,153,,-695.6,"143,355.7",0.59%,0.45%,,,,6.18%,1.41%
"שיעור דמי ניהול
ממוצע לשנת
2017",- - -,0.4,21.1,0.82%,- - -,- - -,- - -,- - -,6.40%,1.40%,,הראל השתלמות כללי,154,,-695.6,"143,355.7",0.59%,0.45%,,,,6.18%,1.41%
"שיעור דמי ניהול
ממוצע לשנת
2017",- - -,0.0,1.4,0.71%,- - -,- - -,- - -,- - -,7.31%,1.66%,,"הראל קמ""פ מסלול כללי ",155,,-695.6,"143,355.7",0.59%,0.45%,,,,6.18%,1.41%
"שיעור דמי ניהול
ממוצע לשנת
2017",- - -,4.1,267.3,- - -,- - -,- - -,- - -,- - -,4.09%,0.99%,לא פעיל, *** ** קופת גמל הנדסאים מסלול כללי,157,,-695.6,"143,355.7",0.59%,0.45%,,,,6.18%,1.41%
"שיעור דמי ניהול
ממוצע לשנת
2017",- - -,4.0,214.2,- - -,- - -,- - -,- - -,- - -,4.69%,1.30%,לא פעיל, *** ** קופת גמל מחר מסלול כללי,158,,-695.6,"143,355.7",0.59%,0.45%,,,,6.18%,1.41%
"שיעור דמי ניהול
ממוצע לשנת
2017",- - -,0.9,47.5,- - -,- - -,- - -,- - -,- - -,4.82%,1.12%,לא פעיל," *** ** קופת גמל עו""ס מסלול כללי",159,,-695.6,"143,355.7",0.59%,0.45%,,,,6.18%,1.41%
"שיעור דמי ניהול
ממוצע לשנת
2017",- - -,1.3,76.7,- - -,- - -,- - -,- - -,- - -,4.72%,1.28%,לא פעיל, *** ** שדות מסלול כללי,160,,-695.6,"143,355.7",0.59%,0.45%,,,,6.18%,1.41%
"שיעור דמי ניהול
ממוצע לשנת
2017",- - -,6.2,420.1,- - -,- - -,- - -,- - -,- - -,4.53%,1.28%,לא פעיל," *** ** קופת גמל עמ""י מסלול כללי",161,,-695.6,"143,355.7",0.59%,0.45%,,,,6.18%,1.41%
"שיעור דמי ניהול
ממוצע לשנת
2017",- - -,-0.1,53.9,- - -,- - -,- - -,- - -,- - -,6.00%,1.04%,לא פעיל, *** אקסלנס טפחות מרכזית,173,,-695.6,"143,355.7",0.59%,0.45%,,,,6.18%,1.41%
"שיעור דמי ניהול
ממוצע לשנת
2017",- - -,0.0,1.4,- - -,- - -,- - -,- - -,- - -,5.76%,1.03%,לא פעיל,מניב שיאים,174,,-695.6,"143,355.7",0.59%,0.45%,,,,6.18%,1.41%
"שיעור דמי ניהול
ממוצע לשנת
2017",- - -,-0.5,1.0,- - -,- - -,- - -,- - -,- - -,5.63%,1.62%,לא פעיל,מניב גמל,175,,-695.6,"143,355.7",0.59%,0.45%,,,,6.18%,1.41%
"שיעור דמי ניהול
ממוצע לשנת
2017",- - -,0.0,2.9,- - -,- - -,- - -,- - -,- - -,3.77%,0.75%,לא פעיל,מניב פיצויים,176,,-695.6,"143,355.7",0.59%,0.45%,,,,6.18%,1.41%
"שיעור דמי ניהול
ממוצע לשנת
2017",- - -,0.1,3.2,- - -,- - -,- - -,- - -,- - -,5.33%,1.19%,לא פעיל,מניב השתלמות,177,,-695.6,"143,355.7",0.59%,0.45%,,,,6.18%,1.41%
"שיעור דמי ניהול
ממוצע לשנת
2017",- - -,0.7,25.1,- - -,- - -,- - -,- - -,- - -,6.82%,1.26%,לא פעיל,מיטב גאון השתלמות-כללי,182,,-695.6,"143,355.7",0.59%,0.45%,,,,6.18%,1.41%
"שיעור דמי ניהול
ממוצע לשנת
2017",- - -,0.0,3.5,- - -,- - -,- - -,- - -,- - -,3.92%,0.34%,לא פעיל,מניב יציב,183,,-695.6,"143,355.7",0.59%,0.45%,,,,6.18%,1.41%
"שיעור דמי ניהול
ממוצע לשנת
2017",- - -,0.2,86.0,0.79%,- - -,- - -,- - -,- - -,3.10%,0.67%,," *** מגדל השתלמות אג""ח",199,,-695.6,"143,355.7",0.59%,0.45%,,,,6.18%,1.41%
"שיעור דמי ניהול
ממוצע לשנת
2017",- - -,0.4,40.9,- - -,- - -,- - -,- - -,- - -,6.49%,1.17%,לא פעיל,"קה""ל-כללי",200,,-695.6,"143,355.7",0.59%,0.45%,,,,6.18%,1.41%
"שיעור דמי ניהול
ממוצע לשנת
2017",- - -,0.5,17.5,- - -,- - -,- - -,- - -,- - -,10.01%,1.78%,לא פעיל,"קה""ל-מנייתי",201,,-695.6,"143,355.7",0.59%,0.45%,,,,6.18%,1.41%
"שיעור דמי ניהול
ממוצע לשנת
2017",- - -,0.0,9.2,- - -,- - -,- - -,- - -,- - -,2.91%,0.73%,לא פעיל,"פסגות דינמית - אג""ח צמוד מדד לטווח ארוך",202,,-695.6,"143,355.7",0.59%,0.45%,,,,6.18%,1.41%
"שיעור דמי ניהול
ממוצע לשנת
2017",- - -,-1.2,3.4,- - -,- - -,- - -,- - -,- - -,3.02%,0.36%,לא פעיל,"פסגות דינמית - אג""ח צמוד מדד בינוני",204,,-695.6,"143,355.7",0.59%,0.45%,,,,6.18%,1.41%
"שיעור דמי ניהול
ממוצע לשנת
2017",- - -,0.0,4.0,0.65%,0.29%,- - -,- - -,- - -,4.15%,0.22%,,"פסגות גדיש חו""ל",205,,-695.6,"143,355.7",0.59%,0.45%,,,,6.18%,1.41%
"שיעור דמי ניהול
ממוצע לשנת
2017",- - -,-1.7,938.3,- - -,- - -,- - -,- - -,- - -,3.65%,1.04%,לא פעיל, *** ** אל על כללי,206,,-695.6,"143,355.7",0.59%,0.45%,,,,6.18%,1.41%
"שיעור דמי ניהול
ממוצע לשנת
2017",- - -,-0.3,17.9,- - -,- - -,- - -,- - -,- - -,14.80%,3.47%,לא פעיל,פסגות דינמית - מניות,207,,-695.6,"143,355.7",0.59%,0.45%,,,,6.18%,1.41%
"שיעור דמי ניהול
ממוצע לשנת
2017",- - -,-0.1,0.7,- - -,- - -,- - -,- - -,- - -,1.73%,0.59%,לא פעיל," *** פסגות גדיש אג""ח קונצרני",208,,-695.6,"143,355.7",0.59%,0.45%,,,,6.18%,1.41%
"שיעור דמי ניהול
ממוצע לשנת
2017",- - -,0.1,34.6,0.64%,0.23%,- - -,- - -,- - -,5.07%,1.49%,," *** אקסלנס גמל אג""ח עד 15% מניות",211,,-695.6,"143,355.7",0.59%,0.45%,,,,6.18%,1.41%
"שיעור דמי ניהול
ממוצע לשנת
2017",- - -,0.0,37.1,- - -,- - -,- - -,- - -,- - -,3.59%,0.64%,לא פעיל,** אמישרגז,215,,-695.6,"143,355.7",0.59%,0.45%,,,,6.18%,1.41%
"שיעור דמי ניהול
ממוצע לשנת
2017",- - -,-0.8,7.7,- - -,- - -,- - -,- - -,- - -,5.20%,1.12%,לא פעיל, *** פסגות שיא גמל כספית,216,,-695.6,"143,355.7",0.59%,0.45%,,,,6.18%,1.41%
"שיעור דמי ניהול
ממוצע לשנת
2017",- - -,0.7,349.3,0.50%,- - -,- - -,- - -,- - -,4.77%,1.19%,לא פעיל," *** ** אוניברסיטת ת""א - מסלול כללי",218,,-695.6,"143,355.7",0.59%,0.45%,,,,6.18%,1.41%
"שיעור דמי ניהול
ממוצע לשנת
2017",- - -,0.1,47.1,0.64%,- - -,- - -,- - -,- - -,5.90%,1.07%,,אלמוג,219,,-695.6,"143,355.7",0.59%,0.45%,,,,6.18%,1.41%
"שיעור דמי ניהול
ממוצע לשנת
2017",- - -,0.0,11.7,- - -,- - -,- - -,- - -,- - -,4.37%,1.38%,לא פעיל,** בתי קולנוע,220,,-695.6,"143,355.7",0.59%,0.45%,,,,6.18%,1.41%
"שיעור דמי ניהול
ממוצע לשנת
2017",- - -,-1.7,"1,165.0",- - -,- - -,- - -,- - -,- - -,3.07%,0.86%,לא פעיל, *** ** גמל דיסקונט כללי,221,,-695.6,"143,355.7",0.59%,0.45%,,,,6.18%,1.41%
"שיעור דמי ניהול
ממוצע לשנת
2017",- - -,-0.6,66.5,0.58%,0.56%,- - -,- - -,- - -,2.53%,0.81%,," *** מיטב דש גמל אג""ח ללא מניות",223,,-695.6,"143,355.7",0.59%,0.45%,,,,6.18%,1.41%
"שיעור דמי ניהול
ממוצע לשנת
2017",- - -,-0.9,36.8,- - -,- - -,- - -,- - -,- - -,4.72%,1.02%,לא פעיל, *** ** קופת התגמולים של עובדי בנק לאומי למשכנתאות,225,,-695.6,"143,355.7",0.59%,0.45%,,,,6.18%,1.41%
"שיעור דמי ניהול
ממוצע לשנת
2017",- - -,-0.2,15.2,- - -,- - -,- - -,- - -,- - -,7.78%,1.80%,לא פעיל,"** ביה""ס הריאלי",226,,-695.6,"143,355.7",0.59%,0.45%,,,,6.18%,1.41%
"שיעור דמי ניהול
ממוצע לשנת
2017",- - -,0.0,3.7,- - -,- - -,- - -,- - -,- - -,3.25%,1.72%,לא פעיל,** בנין בטוח,228,,-695.6,"143,355.7",0.59%,0.45%,,,,6.18%,1.41%
"שיעור דמי ניהול
ממוצע לשנת
2017",- - -,-1.9,"1,939.0",0.00%,- - -,- - -,- - -,- - -,5.44%,1.09%,, *** ** קופת התגמולים של עובדי בנק לאומי,229,,-695.6,"143,355.7",0.59%,0.45%,,,,6.18%,1.41%
"שיעור דמי ניהול
ממוצע לשנת
2017",- - -,0.2,116.4,- - -,- - -,- - -,- - -,- - -,6.81%,1.63%,לא פעיל,** איילון קופת תגמולים ופיצויים,230,,-695.6,"143,355.7",0.59%,0.45%,,,,6.18%,1.41%
"שיעור דמי ניהול
ממוצע לשנת
2017",- - -,0.0,17.8,- - -,- - -,- - -,- - -,- - -,3.52%,0.89%,לא פעיל, *** עומרים קופה מרכזית לפיצויים,231,,-695.6,"143,355.7",0.59%,0.45%,,,,6.18%,1.41%
"שיעור דמי ניהול
ממוצע לשנת
2017",- - -,0.0,"1,197.4",0.19%,- - -,- - -,- - -,- - -,2.62%,0.62%,,"** בל""ד",233,,-695.6,"143,355.7",0.59%,0.45%,,,,6.18%,1.41%
"שיעור דמי ניהול
ממוצע לשנת
2017",- - -,-18.3,"4,541.8",0.70%,- - -,- - -,- - -,- - -,6.57%,1.57%,,פסגות פיצויים כללי,237,,-695.6,"143,355.7",0.59%,0.45%,,,,6.18%,1.41%
"שיעור דמי ניהול
ממוצע לשנת
2017",- - -,-8.4,"1,229.0",0.81%,- - -,- - -,- - -,- - -,5.50%,0.98%,, *** דיסקונט לפיצויים,239,,-695.6,"143,355.7",0.59%,0.45%,,,,6.18%,1.41%
"שיעור דמי ניהול
ממוצע לשנת
2017",- - -,-16.5,"2,726.2",0.55%,- - -,- - -,- - -,- - -,6.03%,1.35%,,כלל פיצויים למעסיק,241,,-695.6,"143,355.7",0.59%,0.45%,,,,6.18%,1.41%
"שיעור דמי ניהול
ממוצע לשנת
2017",- - -,-5.2,624.1,0.89%,- - -,- - -,- - -,- - -,6.46%,1.68%,, *** אקסלנס מרכזית לפיצויים,242,,-695.6,"143,355.7",0.59%,0.45%,,,,6.18%,1.41%
"שיעור דמי ניהול
ממוצע לשנת
2017",- - -,-19.6,"3,013.4",- - -,- - -,- - -,- - -,- - -,7.05%,1.32%,לא פעיל, *** הראל תעוז כללי,243,,-695.6,"143,355.7",0.59%,0.45%,,,,6.18%,1.41%
"שיעור דמי ניהול
ממוצע לשנת
2017",- - -,-1.7,290.0,- - -,- - -,- - -,- - -,- - -,5.49%,1.28%,לא פעיל,איילון מרכזית לפיצויים ב,246,,-695.6,"143,355.7",0.59%,0.45%,,,,6.18%,1.41%
"שיעור דמי ניהול
ממוצע לשנת
2017",- - -,-0.5,118.2,- - -,- - -,- - -,- - -,- - -,4.32%,1.01%,לא פעיל, *** ** איילון אגוד תגמולים מסלול כללי,247,,-695.6,"143,355.7",0.59%,0.45%,,,,6.18%,1.41%
"שיעור דמי ניהול
ממוצע לשנת
2017",- - -,-7.4,"1,380.6",- - -,- - -,- - -,- - -,- - -,6.26%,1.16%,לא פעיל, *** מיטב מרום מסלול כללי,248,,-695.6,"143,355.7",0.59%,0.45%,,,,6.18%,1.41%
"שיעור דמי ניהול
ממוצע לשנת
2017",- - -,-9.6,900.4,- - -,- - -,- - -,- - -,- - -,6.34%,1.61%,לא פעיל, *** הלמן-אלדובי יהבית חסכון,249,,-695.6,"143,355.7",0.59%,0.45%,,,,6.18%,1.41%
"שיעור דמי ניהול
ממוצע לשנת
2017",- - -,-0.3,8.4,- - -,- - -,- - -,- - -,- - -,7.05%,1.68%,לא פעיל,ישיר פיצויים המלאכה,250,,-695.6,"143,355.7",0.59%,0.45%,,,,6.18%,1.41%
"שיעור דמי ניהול
ממוצע לשנת
2017",- - -,-2.0,637.3,- - -,- - -,- - -,- - -,- - -,6.30%,1.23%,לא פעיל, *** מיטב מרתון גמל,251,,-695.6,"143,355.7",0.59%,0.45%,,,,6.18%,1.41%
"שיעור דמי ניהול
ממוצע לשנת
2017",- - -,-77.4,"10,528.6",0.65%,0.34%,- - -,- - -,- - -,5.87%,1.20%,," *** אג""ח עד 255 מניות ",253,,-695.6,"143,355.7",0.59%,0.45%,,,,6.18%,1.41%
"שיעור דמי ניהול
ממוצע לשנת
2017",- - -,0.1,28.4,- - -,- - -,- - -,- - -,- - -,4.96%,0.93%,לא פעיל,ישיר לתגמולים,254,,-695.6,"143,355.7",0.59%,0.45%,,,,6.18%,1.41%
"שיעור דמי ניהול
ממוצע לשנת
2017",- - -,-0.4,48.9,- - -,- - -,- - -,- - -,- - -,5.09%,1.09%,לא פעיל,** ישיר לפיצויים,255,,-695.6,"143,355.7",0.59%,0.45%,,,,6.18%,1.41%
"שיעור דמי ניהול
ממוצע לשנת
2017",- - -,-16.2,"1,211.9",- - -,- - -,- - -,- - -,- - -,6.37%,1.23%,לא פעיל, *** מיטב קרן השפע,256,,-695.6,"143,355.7",0.59%,0.45%,,,,6.18%,1.41%
"שיעור דמי ניהול
ממוצע לשנת
2017",- - -,-10.8,"1,290.4",0.75%,1.43%,- - -,- - -,- - -,6.35%,1.45%,, *** הלמן-אלדובי בר-יציב ישראל,257,,-695.6,"143,355.7",0.59%,0.45%,,,,6.18%,1.41%
"שיעור דמי ניהול
ממוצע לשנת
2017",- - -,-1.6,296.0,- - -,- - -,- - -,- - -,- - -,6.70%,1.73%,לא פעיל, *** איילון תגמולים ואישית לפיצויים מסלול כללי,258,,-695.6,"143,355.7",0.59%,0.45%,,,,6.18%,1.41%
"שיעור דמי ניהול
ממוצע לשנת
2017",- - -,0.3,174.3,0.00%,0.00%,- - -,- - -,- - -,6.28%,1.41%,, *** הלמן-אלדובי בר-יציב כללי (לשעבר קופת פקידי מרכנתיל דיסקונט),259,,-695.6,"143,355.7",0.59%,0.45%,,,,6.18%,1.41%
"שיעור דמי ניהול
ממוצע לשנת
2017",- - -,-2.1,218.5,0.68%,0.10%,- - -,- - -,- - -,5.83%,1.93%,,מנורה מבטחים אמיר כללי,260,,-695.6,"143,355.7",0.59%,0.45%,,,,6.18%,1.41%
"שיעור דמי ניהול
ממוצע לשנת
2017",- - -,-1.6,331.7,0.91%,- - -,- - -,- - -,- - -,5.57%,1.39%,, *** הלמן-אלדובי פיצויים כללי,262,,-695.6,"143,355.7",0.59%,0.45%,,,,6.18%,1.41%
"שיעור דמי ניהול
ממוצע לשנת
2017",- - -,1.0,"1,800.5",0.33%,- - -,- - -,- - -,- - -,6.32%,1.55%,,בר,263,,-695.6,"143,355.7",0.59%,0.45%,,,,6.18%,1.41%
"שיעור דמי ניהול
ממוצע לשנת
2017",- - -,-14.0,"1,867.4",- - -,- - -,- - -,- - -,- - -,5.77%,1.17%,לא פעיל, *** גפן,264,,-695.6,"143,355.7",0.59%,0.45%,,,,6.18%,1.41%
"שיעור דמי ניהול
ממוצע לשנת
2017",- - -,-0.9,408.9,- - -,- - -,- - -,- - -,- - -,6.37%,1.68%,לא פעיל, *** אקסלנס גמל פלטינום עד 15% מניות,265,,-695.6,"143,355.7",0.59%,0.45%,,,,6.18%,1.41%
"שיעור דמי ניהול
ממוצע לשנת
2017",- - -,-6.9,896.5,- - -,- - -,- - -,- - -,- - -,7.79%,1.94%,לא פעיל, *** אקסלנס טפחות גמל,266,,-695.6,"143,355.7",0.59%,0.45%,,,,6.18%,1.41%
"שיעור דמי ניהול
ממוצע לשנת
2017",- - -,-0.2,37.6,- - -,- - -,- - -,- - -,- - -,6.73%,1.59%,לא פעיל, *** הבטחון-פיצויים,268,,-695.6,"143,355.7",0.59%,0.45%,,,,6.18%,1.41%
"שיעור דמי ניהול
ממוצע לשנת
2017",- - -,0.2,117.9,0.59%,0.26%,- - -,- - -,- - -,3.08%,0.69%,,פסגות גדיש אגח עד 20% מניות,270,,-695.6,"143,355.7",0.59%,0.45%,,,,6.18%,1.41%
"שיעור דמי ניהול
ממוצע לשנת
2017",- - -,-1.2,26.1,- - -,- - -,- - -,- - -,- - -,- - -,- - -,לא פעיל,** הארגז,272,,-695.6,"143,355.7",0.59%,0.45%,,,,6.18%,1.41%
"שיעור דמי ניהול
ממוצע לשנת
2017",- - -,-0.2,34.3,- - -,- - -,- - -,- - -,- - -,- - -,- - -,לא פעיל, *** אינפיניטי גמל דינמי,275,,-695.6,"143,355.7",0.59%,0.45%,,,,6.18%,1.41%
"שיעור דמי ניהול
ממוצע לשנת
2017",- - -,0.0,7.1,- - -,- - -,- - -,- - -,- - -,- - -,- - -,לא פעיל,** הגל,276,,-695.6,"143,355.7",0.59%,0.45%,,,,6.18%,1.41%
"שיעור דמי ניהול
ממוצע לשנת
2017",- - -,-1.0,74.2,- - -,- - -,- - -,- - -,- - -,5.22%,1.42%,לא פעיל,** יניב,280,,-695.6,"143,355.7",0.59%,0.45%,,,,6.18%,1.41%
"שיעור דמי ניהול
ממוצע לשנת
2017",- - -,0.3,17.3,- - -,- - -,- - -,- - -,- - -,4.69%,1.42%,לא פעיל,הפניקס מרכזית לפיצויים (סגורה),281,,-695.6,"143,355.7",0.59%,0.45%,,,,6.18%,1.41%
"שיעור דמי ניהול
ממוצע לשנת
2017",- - -,0.6,62.5,0.21%,- - -,- - -,- - -,- - -,5.39%,1.04%,,** מישור,282,,-695.6,"143,355.7",0.59%,0.45%,,,,6.18%,1.41%
"שיעור דמי ניהול
ממוצע לשנת
2017",- - -,0.4,93.4,0.12%,- - -,- - -,- - -,- - -,5.08%,1.14%,,** מורים וגננות - מסלול כללי,284,,-695.6,"143,355.7",0.59%,0.45%,,,,6.18%,1.41%
"שיעור דמי ניהול
ממוצע לשנת
2017",- - -,0.2,119.6,0.12%,- - -,- - -,- - -,- - -,5.18%,1.25%,,** מורים תיכוניים - מסלול כללי,285,,-695.6,"143,355.7",0.59%,0.45%,,,,6.18%,1.41%
"שיעור דמי ניהול
ממוצע לשנת
2017",- - -,-7.3,"1,463.7",0.61%,- - -,- - -,- - -,- - -,4.07%,0.97%,,** אומגה קרן השתלמות מסלול כללי,286,,-695.6,"143,355.7",0.59%,0.45%,,,,6.18%,1.41%
"שיעור דמי ניהול
ממוצע לשנת
2017",- - -,-0.1,29.6,- - -,- - -,- - -,- - -,- - -,3.74%,1.22%,לא פעיל,הפניקס תגמולים ופיצויים (סגורה),287,,-695.6,"143,355.7",0.59%,0.45%,,,,6.18%,1.41%
"שיעור דמי ניהול
ממוצע לשנת
2017",- - -,-1.7,"1,434.7",0.21%,- - -,- - -,- - -,- - -,3.76%,1.28%,,** קרן השתלמות לאקדמאים במדעי החברה והרוח מסלול כללי,288,,-695.6,"143,355.7",0.59%,0.45%,,,,6.18%,1.41%
"שיעור דמי ניהול
ממוצע לשנת
2017",- - -,0.9,101.4,0.33%,- - -,- - -,- - -,- - -,5.72%,1.54%,,** קרן השתלמות לעובדי בנק ישראל,289,,-695.6,"143,355.7",0.59%,0.45%,,,,6.18%,1.41%
"שיעור דמי ניהול
ממוצע לשנת
2017",- - -,-6.5,"1,619.8",0.20%,- - -,- - -,- - -,- - -,5.21%,1.31%,,** הנדסאים וטכנאים - מסלול כללי,290,,-695.6,"143,355.7",0.59%,0.45%,,,,6.18%,1.41%
"שיעור דמי ניהול
ממוצע לשנת
2017",- - -,0.5,139.8,0.39%,- - -,- - -,- - -,- - -,5.04%,1.30%,,** השתלמות משפטנים,292,,-695.6,"143,355.7",0.59%,0.45%,,,,6.18%,1.41%
"שיעור דמי ניהול
ממוצע לשנת
2017",- - -,-0.8,220.4,0.40%,- - -,- - -,- - -,- - -,5.03%,1.31%,,** ק.ס.מ,293,,-695.6,"143,355.7",0.59%,0.45%,,,,6.18%,1.41%
"שיעור דמי ניהול
ממוצע לשנת
2017",- - -,-1.7,68.9,0.44%,- - -,- - -,- - -,- - -,2.44%,0.63%,,** השתלמות שופטים,294,,-695.6,"143,355.7",0.59%,0.45%,,,,6.18%,1.41%
"שיעור דמי ניהול
ממוצע לשנת
2017",- - -,-0.3,72.5,0.66%,- - -,- - -,- - -,- - -,5.82%,1.22%,,** ק.ה.ר,295,,-695.6,"143,355.7",0.59%,0.45%,,,,6.18%,1.41%
"שיעור דמי ניהול
ממוצע לשנת
2017",- - -,-0.5,56.5,- - -,- - -,- - -,- - -,- - -,5.79%,1.40%,לא פעיל,** השתלמות עיתונאים,296,,-695.6,"143,355.7",0.59%,0.45%,,,,6.18%,1.41%
"שיעור דמי ניהול
ממוצע לשנת
2017",- - -,1.6,"1,076.5",- - -,- - -,- - -,- - -,- - -,6.18%,1.59%,לא פעיל, *** ** ארם קלאסי,297,,-695.6,"143,355.7",0.59%,0.45%,,,,6.18%,1.41%
"שיעור דמי ניהול
ממוצע לשנת
2017",- - -,-6.9,469.7,0.54%,- - -,- - -,- - -,- - -,6.63%,1.55%,,** מינהל-השתלמות - כללי,299,,-695.6,"143,355.7",0.59%,0.45%,,,,6.18%,1.41%
"שיעור דמי ניהול
ממוצע לשנת
2017",- - -,4.2,291.7,- - -,- - -,- - -,- - -,- - -,3.64%,0.97%,לא פעיל, *** ** קו הבריאות - כללי,301,,-695.6,"143,355.7",0.59%,0.45%,,,,6.18%,1.41%
"שיעור דמי ניהול
ממוצע לשנת
2017",- - -,0.0,5.2,- - -,- - -,- - -,- - -,- - -,- - -,- - -,לא פעיל,** אמקול,304,,-695.6,"143,355.7",0.59%,0.45%,,,,6.18%,1.41%
"שיעור דמי ניהול
ממוצע לשנת
2017",- - -,0.0,1.5,- - -,- - -,- - -,- - -,- - -,- - -,- - -,לא פעיל,** חברת קדישא,305,,-695.6,"143,355.7",0.59%,0.45%,,,,6.18%,1.41%
"שיעור דמי ניהול
ממוצע לשנת
2017",- - -,0.0,0.6,- - -,- - -,- - -,- - -,- - -,- - -,- - -,,** חקלאים-חופשה,308,,-695.6,"143,355.7",0.59%,0.45%,,,,6.18%,1.41%
"שיעור דמי ניהול
ממוצע לשנת
2017",- - -,0.1,45.7,- - -,- - -,- - -,- - -,- - -,- - -,- - -,לא פעיל, *** עובדים חקלאים-פיצויים,309,,-695.6,"143,355.7",0.59%,0.45%,,,,6.18%,1.41%
"שיעור דמי ניהול
ממוצע לשנת
2017",- - -,-3.7,125.9,- - -,- - -,- - -,- - -,- - -,5.23%,1.73%,לא פעיל,** הראל גמל - קדמה,311,,-695.6,"143,355.7",0.59%,0.45%,,,,6.18%,1.41%
"שיעור דמי ניהול
ממוצע לשנת
2017",- - -,0.0,5.2,- - -,- - -,- - -,- - -,- - -,2.82%,0.87%,לא פעיל,** לים,312,,-695.6,"143,355.7",0.59%,0.45%,,,,6.18%,1.41%
"שיעור דמי ניהול
ממוצע לשנת
2017",- - -,0.0,21.4,- - -,- - -,- - -,- - -,- - -,- - -,- - -,לא פעיל,** מעריב,315,,-695.6,"143,355.7",0.59%,0.45%,,,,6.18%,1.41%
"שיעור דמי ניהול
ממוצע לשנת
2017",- - -,0.2,41.4,- - -,- - -,- - -,- - -,- - -,5.84%,1.40%,,מבטחים קרן חופשה כללית,317,,-695.6,"143,355.7",0.59%,0.45%,,,,6.18%,1.41%
"שיעור דמי ניהול
ממוצע לשנת
2017",- - -,0.3,13.0,- - -,- - -,- - -,- - -,- - -,- - -,- - -,לא פעיל,** רמת השרון,319,,-695.6,"143,355.7",0.59%,0.45%,,,,6.18%,1.41%
"שיעור דמי ניהול
ממוצע לשנת
2017",- - -,-0.4,18.5,- - -,- - -,- - -,- - -,- - -,3.85%,0.92%,לא פעיל, *** ** מגדל,326,,-695.6,"143,355.7",0.59%,0.45%,,,,6.18%,1.41%
"שיעור דמי ניהול
ממוצע לשנת
2017",- - -,0.2,108.0,0.44%,0.00%,- - -,- - -,- - -,5.67%,1.28%,,** נייר אמריקאי,328,,-695.6,"143,355.7",0.59%,0.45%,,,,6.18%,1.41%
"שיעור דמי ניהול
ממוצע לשנת
2017",- - -,0.0,29.8,- - -,- - -,- - -,- - -,- - -,5.74%,1.35%,לא פעיל,** מיטווך,329,,-695.6,"143,355.7",0.59%,0.45%,,,,6.18%,1.41%
"שיעור דמי ניהול
ממוצע לשנת
2017",- - -,-0.1,100.0,- - -,- - -,- - -,- - -,- - -,3.74%,0.57%,לא פעיל,** משרד הבטחון,330,,-695.6,"143,355.7",0.59%,0.45%,,,,6.18%,1.41%
"שיעור דמי ניהול
ממוצע לשנת
2017",- - -,0.0,14.5,- - -,- - -,- - -,- - -,- - -,6.23%,1.32%,לא פעיל,מיטב גאון פיצויים - כללי,331,,-695.6,"143,355.7",0.59%,0.45%,,,,6.18%,1.41%
"שיעור דמי ניהול
ממוצע לשנת
2017",- - -,0.1,275.0,- - -,- - -,- - -,- - -,- - -,4.56%,1.13%,לא פעיל," *** ** עירית ת""א תגמולים עתיד",337,,-695.6,"143,355.7",0.59%,0.45%,,,,6.18%,1.41%
"שיעור דמי ניהול
ממוצע לשנת
2017",- - -,0.0,214.8,- - -,- - -,- - -,- - -,- - -,4.93%,1.30%,לא פעיל, *** ** קופת תגמולים של עובדי עיריית חיפה - מסלול כללי ,340,,-695.6,"143,355.7",0.59%,0.45%,,,,6.18%,1.41%
"שיעור דמי ניהול
ממוצע לשנת
2017",- - -,-0.5,53.9,- - -,- - -,- - -,- - -,- - -,- - -,- - -,לא פעיל,** עירית רמת גן,344,,-695.6,"143,355.7",0.59%,0.45%,,,,6.18%,1.41%
"שיעור דמי ניהול
ממוצע לשנת
2017",- - -,-5.1,597.0,- - -,- - -,- - -,- - -,- - -,6.89%,2.19%,לא פעיל," *** ** עוצ""מ - מסלול כללי",346,,-695.6,"143,355.7",0.59%,0.45%,,,,6.18%,1.41%
"שיעור דמי ניהול
ממוצע לשנת
2017",- - -,0.0,10.5,- - -,- - -,- - -,- - -,- - -,- - -,- - -,לא פעיל,אי.בי.אי עתודה,348,,-695.6,"143,355.7",0.59%,0.45%,,,,6.18%,1.41%
"שיעור דמי ניהול
ממוצע לשנת
2017",- - -,-0.2,58.4,- - -,- - -,- - -,- - -,- - -,5.13%,1.33%,לא פעיל, *** דש שבעת הכוכבים,355,,-695.6,"143,355.7",0.59%,0.45%,,,,6.18%,1.41%
"שיעור דמי ניהול
ממוצע לשנת
2017",- - -,-3.6,754.3,- - -,- - -,- - -,- - -,- - -,6.17%,1.19%,לא פעיל, *** מיטב השתלמות חכם מסלול משתלם,356,,-695.6,"143,355.7",0.59%,0.45%,,,,6.18%,1.41%
"שיעור דמי ניהול
ממוצע לשנת
2017",- - -,0.0,115.1,- - -,- - -,- - -,- - -,- - -,4.71%,0.76%,לא פעיל,** חופשה-בנין,361,,-695.6,"143,355.7",0.59%,0.45%,,,,6.18%,1.41%
"שיעור דמי ניהול
ממוצע לשנת
2017",- - -,0.1,15.1,- - -,- - -,- - -,- - -,- - -,- - -,- - -,לא פעיל,** קסלמן וקסלמן,364,,-695.6,"143,355.7",0.59%,0.45%,,,,6.18%,1.41%
"שיעור דמי ניהול
ממוצע לשנת
2017",- - -,0.4,120.1,- - -,- - -,- - -,- - -,- - -,- - -,- - -,לא פעיל, *** ** קואופ צרכנית,365,,-695.6,"143,355.7",0.59%,0.45%,,,,6.18%,1.41%
"שיעור דמי ניהול
ממוצע לשנת
2017",- - -,0.0,12.1,- - -,- - -,- - -,- - -,- - -,- - -,- - -,לא פעיל,"קרן תגמולים לעובדי רסקו בע""מ",366,,-695.6,"143,355.7",0.59%,0.45%,,,,6.18%,1.41%
"שיעור דמי ניהול
ממוצע לשנת
2017",- - -,0.0,8.3,- - -,- - -,- - -,- - -,- - -,6.56%,2.54%,לא פעיל,** רופאי החקלאית,367,,-695.6,"143,355.7",0.59%,0.45%,,,,6.18%,1.41%
"שיעור דמי ניהול
ממוצע לשנת
2017",- - -,-0.1,340.3,0.18%,- - -,- - -,- - -,- - -,1.99%,0.62%,,** שיבולת-תגמולים,372,,-695.6,"143,355.7",0.59%,0.45%,,,,6.18%,1.41%
"שיעור דמי ניהול
ממוצע לשנת
2017",- - -,-1.1,216.5,- - -,- - -,- - -,- - -,- - -,5.18%,1.08%,לא פעיל, *** אפסילון תגמולים מעיין,374,,-695.6,"143,355.7",0.59%,0.45%,,,,6.18%,1.41%
"שיעור דמי ניהול
ממוצע לשנת
2017",- - -,-0.4,"2,142.2",- - -,- - -,- - -,- - -,- - -,5.52%,1.38%,לא פעיל, *** ** תעשיה אוירית מסלול כללי ,376,,-695.6,"143,355.7",0.59%,0.45%,,,,6.18%,1.41%
"שיעור דמי ניהול
ממוצע לשנת
2017",- - -,-0.2,70.0,- - -,- - -,- - -,- - -,- - -,6.58%,1.01%,לא פעיל, *** ענבר,377,,-695.6,"143,355.7",0.59%,0.45%,,,,6.18%,1.41%
"שיעור דמי ניהול
ממוצע לשנת
2017",- - -,0.1,234.7,0.33%,- - -,- - -,- - -,- - -,5.31%,1.26%,,** ק.ל.ע מסלול כללי,378,,-695.6,"143,355.7",0.59%,0.45%,,,,6.18%,1.41%
"שיעור דמי ניהול
ממוצע לשנת
2017",- - -,-2.3,"1,328.2",0.34%,- - -,- - -,- - -,- - -,5.46%,1.35%,,** עובדי מדינה - כללי,382,,-695.6,"143,355.7",0.59%,0.45%,,,,6.18%,1.41%
"שיעור דמי ניהול
ממוצע לשנת
2017",- - -,0.0,2.6,0.61%,- - -,- - -,- - -,- - -,3.60%,0.88%,, *** אקסלנס מרכזית לפיצויים עד 15% מניות,384,,-695.6,"143,355.7",0.59%,0.45%,,,,6.18%,1.41%
"שיעור דמי ניהול
ממוצע לשנת
2017",- - -,-1.7,318.0,0.71%,0.08%,- - -,- - -,- - -,2.47%,0.98%,," *** אקסלנס גמל אג""ח ללא מניות",385,,-695.6,"143,355.7",0.59%,0.45%,,,,6.18%,1.41%
"שיעור דמי ניהול
ממוצע לשנת
2017",- - -,0.0,"5,270.8",- - -,- - -,- - -,- - -,- - -,6.63%,1.37%,לא פעיל, *** מגדל קהל השתלמות מסלול כללי,386,,-695.6,"143,355.7",0.59%,0.45%,,,,6.18%,1.41%
"שיעור דמי ניהול
ממוצע לשנת
2017",- - -,2.2,689.0,- - -,- - -,- - -,- - -,- - -,6.23%,1.14%,לא פעיל, *** מיטב משתלם א,387,,-695.6,"143,355.7",0.59%,0.45%,,,,6.18%,1.41%
"שיעור דמי ניהול
ממוצע לשנת
2017",- - -,0.3,104.3,- - -,- - -,- - -,- - -,- - -,2.49%,0.75%,לא פעיל, *** ** קואופרציה השתלמות,388,,-695.6,"143,355.7",0.59%,0.45%,,,,6.18%,1.41%
"שיעור דמי ניהול
ממוצע לשנת
2017",- - -,0.1,26.9,- - -,- - -,- - -,- - -,- - -,5.32%,1.48%,לא פעיל,ישיר מרתון השתלמות,391,,-695.6,"143,355.7",0.59%,0.45%,,,,6.18%,1.41%
"שיעור דמי ניהול
ממוצע לשנת
2017",- - -,-57.2,"1,262.7",0.54%,- - -,- - -,- - -,- - -,5.68%,1.39%,,** רעות-כללי,392,,-695.6,"143,355.7",0.59%,0.45%,,,,6.18%,1.41%
"שיעור דמי ניהול
ממוצע לשנת
2017",- - -,-56.8,"3,826.3",- - -,- - -,- - -,- - -,- - -,6.56%,1.39%,לא פעיל,פסגות שיאון,393,,-695.6,"143,355.7",0.59%,0.45%,,,,6.18%,1.41%
"שיעור דמי ניהול
ממוצע לשנת
2017",- - -,-0.4,54.2,0.45%,- - -,- - -,- - -,- - -,8.57%,2.33%,,"** קרן השתלמות עוצ""מ",394,,-695.6,"143,355.7",0.59%,0.45%,,,,6.18%,1.41%
"שיעור דמי ניהול
ממוצע לשנת
2017",- - -,-0.1,11.1,0.67%,- - -,- - -,- - -,- - -,5.62%,1.05%,," *** הלמן-אלדובי השתלמות אג""ח עד 25% במניות",395,,-695.6,"143,355.7",0.59%,0.45%,,,,6.18%,1.41%
"שיעור דמי ניהול
ממוצע לשנת
2017",- - -,16.4,"3,972.2",0.76%,- - -,- - -,- - -,- - -,6.44%,1.39%,, *** פסגות שיא השתלמות כללי,396,,-695.6,"143,355.7",0.59%,0.45%,,,,6.18%,1.41%
"שיעור דמי ניהול
ממוצע לשנת
2017",- - -,-0.2,131.2,- - -,- - -,- - -,- - -,- - -,6.01%,1.50%,לא פעיל,פסגות קשת,397,,-695.6,"143,355.7",0.59%,0.45%,,,,6.18%,1.41%
"שיעור דמי ניהול
ממוצע לשנת
2017",- - -,-4.0,580.6,- - -,- - -,- - -,- - -,- - -,6.74%,1.50%,לא פעיל, *** איילון השתלמות כללי,398,,-695.6,"143,355.7",0.59%,0.45%,,,,6.18%,1.41%
"שיעור דמי ניהול
ממוצע לשנת
2017",- - -,1.1,773.5,- - -,- - -,- - -,- - -,- - -,6.24%,1.63%,לא פעיל, *** אקסלנס השתלמות פלטינום ,399,,-695.6,"143,355.7",0.59%,0.45%,,,,6.18%,1.41%
"שיעור דמי ניהול
ממוצע לשנת
2017",- - -,-16.9,771.7,0.78%,0.01%,- - -,- - -,- - -,6.54%,1.75%,, *** אקסלנס גמל לבני 60 ומעלה,401,,-695.6,"143,355.7",0.59%,0.45%,,,,6.18%,1.41%
"שיעור דמי ניהול
ממוצע לשנת
2017",- - -,-5.7,594.6,- - -,- - -,- - -,- - -,- - -,5.93%,1.29%,לא פעיל,הדר,403,,-695.6,"143,355.7",0.59%,0.45%,,,,6.18%,1.41%
"שיעור דמי ניהול
ממוצע לשנת
2017",- - -,-0.3,101.3,- - -,- - -,- - -,- - -,- - -,5.74%,1.12%,לא פעיל, *** אשכול כללי,404,,-695.6,"143,355.7",0.59%,0.45%,,,,6.18%,1.41%
"שיעור דמי ניהול
ממוצע לשנת
2017",- - -,-0.3,18.1,- - -,- - -,- - -,- - -,- - -,5.63%,1.60%,לא פעיל,"** חיסכון - משהב""ט",405,,-695.6,"143,355.7",0.59%,0.45%,,,,6.18%,1.41%
"שיעור דמי ניהול
ממוצע לשנת
2017",- - -,0.0,130.6,- - -,- - -,- - -,- - -,- - -,6.59%,1.21%,לא פעיל, *** אקסלנס טפחות השתלמות,406,,-695.6,"143,355.7",0.59%,0.45%,,,,6.18%,1.41%
"שיעור דמי ניהול
ממוצע לשנת
2017",- - -,-0.4,30.1,- - -,- - -,- - -,- - -,- - -,5.48%,1.19%,לא פעיל,** ישיר דרור,407,,-695.6,"143,355.7",0.59%,0.45%,,,,6.18%,1.41%
"שיעור דמי ניהול
ממוצע לשנת
2017",- - -,-23.8,"1,373.8",0.42%,- - -,- - -,- - -,- - -,5.24%,1.29%,,** רום  קרן השתלמות לעובדי רשויות מקומיות - קלאסי כללי,408,,-695.6,"143,355.7",0.59%,0.45%,,,,6.18%,1.41%
"שיעור דמי ניהול
ממוצע לשנת
2017",- - -,-0.5,238.9,- - -,- - -,- - -,- - -,- - -,6.77%,1.75%,לא פעיל,ביצרון,409,,-695.6,"143,355.7",0.59%,0.45%,,,,6.18%,1.41%
"שיעור דמי ניהול
ממוצע לשנת
2017",- - -,-5.1,940.3,- - -,- - -,- - -,- - -,- - -,6.06%,1.50%,לא פעיל, *** יהבית,410,,-695.6,"143,355.7",0.59%,0.45%,,,,6.18%,1.41%
"שיעור דמי ניהול
ממוצע לשנת
2017",- - -,0.0,"1,243.4",- - -,- - -,- - -,- - -,- - -,5.68%,1.31%,לא פעיל, *** הלמן-אלדובי השתלמות,411,,-695.6,"143,355.7",0.59%,0.45%,,,,6.18%,1.41%
"שיעור דמי ניהול
ממוצע לשנת
2017",- - -,1.4,461.6,- - -,- - -,- - -,- - -,- - -,7.12%,1.38%,לא פעיל,פסגות שגיא,412,,-695.6,"143,355.7",0.59%,0.45%,,,,6.18%,1.41%
"שיעור דמי ניהול
ממוצע לשנת
2017",- - -,-0.8,41.6,- - -,- - -,- - -,- - -,- - -,3.57%,0.99%,לא פעיל,** סוכנות-השתלמות,413,,-695.6,"143,355.7",0.59%,0.45%,,,,6.18%,1.41%
"שיעור דמי ניהול
ממוצע לשנת
2017",- - -,-0.6,46.9,- - -,- - -,- - -,- - -,- - -,6.73%,1.49%,לא פעיל, *** גמל זהב לשעבר מזרחי טפחות,415,,-695.6,"143,355.7",0.59%,0.45%,,,,6.18%,1.41%
"שיעור דמי ניהול
ממוצע לשנת
2017",- - -,0.3,85.9,0.69%,- - -,- - -,- - -,- - -,3.27%,1.00%,," *** הראל השתלמות אג""ח עד 20% מניות ",416,,-695.6,"143,355.7",0.59%,0.45%,,,,6.18%,1.41%
"שיעור דמי ניהול
ממוצע לשנת
2017",- - -,-0.3,92.6,- - -,- - -,- - -,- - -,- - -,4.76%,0.80%,לא פעיל, *** מנורה מבטחים תעוש - מסלול כללי,417,,-695.6,"143,355.7",0.59%,0.45%,,,,6.18%,1.41%
"שיעור דמי ניהול
ממוצע לשנת
2017",- - -,-4.6,736.0,0.22%,- - -,- - -,- - -,- - -,5.67%,1.39%,,** אחים ואחיות - מסלול כללי,418,,-695.6,"143,355.7",0.59%,0.45%,,,,6.18%,1.41%
"שיעור דמי ניהול
ממוצע לשנת
2017",- - -,-1.8,491.5,0.22%,- - -,- - -,- - -,- - -,5.71%,1.35%,,** השתלמות רופאים כללי,419,,-695.6,"143,355.7",0.59%,0.45%,,,,6.18%,1.41%
"שיעור דמי ניהול
ממוצע לשנת
2017",- - -,-0.2,85.1,0.47%,- - -,- - -,- - -,- - -,5.32%,1.30%,,** פ.ר.ח - כללי,420,,-695.6,"143,355.7",0.59%,0.45%,,,,6.18%,1.41%
"שיעור דמי ניהול
ממוצע לשנת
2017",- - -,-3.5,157.1,- - -,- - -,- - -,- - -,- - -,5.18%,1.36%,לא פעיל, *** אקסלנס אמנה,421,,-695.6,"143,355.7",0.59%,0.45%,,,,6.18%,1.41%
"שיעור דמי ניהול
ממוצע לשנת
2017",- - -,-1.0,192.2,- - -,- - -,- - -,- - -,- - -,10.02%,2.44%,לא פעיל, *** אקסלנס שומרון,422,,-695.6,"143,355.7",0.59%,0.45%,,,,6.18%,1.41%
"שיעור דמי ניהול
ממוצע לשנת
2017",- - -,-0.9,281.0,0.33%,- - -,- - -,- - -,- - -,4.87%,1.08%,,** קרן השתלמות עובדי חברת חשמל,423,,-695.6,"143,355.7",0.59%,0.45%,,,,6.18%,1.41%
"שיעור דמי ניהול
ממוצע לשנת
2017",- - -,-2.6,732.8,- - -,- - -,- - -,- - -,- - -,4.90%,1.60%,לא פעיל, *** ** תגמולים האוניברסיטה,424,,-695.6,"143,355.7",0.59%,0.45%,,,,6.18%,1.41%
"שיעור דמי ניהול
ממוצע לשנת
2017",- - -,-26.8,"1,829.4",- - -,- - -,- - -,- - -,- - -,6.72%,1.90%,לא פעיל,פסגות קציר,425,,-695.6,"143,355.7",0.59%,0.45%,,,,6.18%,1.41%
"שיעור דמי ניהול
ממוצע לשנת
2017",- - -,-0.2,194.5,- - -,- - -,- - -,- - -,- - -,4.54%,0.76%,לא פעיל,פסגות אלומה,426,,-695.6,"143,355.7",0.59%,0.45%,,,,6.18%,1.41%
"שיעור דמי ניהול
ממוצע לשנת
2017",- - -,0.0,3.0,- - -,- - -,- - -,- - -,- - -,5.86%,1.39%,לא פעיל,** ח. חשמל י-ם,427,,-695.6,"143,355.7",0.59%,0.45%,,,,6.18%,1.41%
"שיעור דמי ניהול
ממוצע לשנת
2017",- - -,0.0,133.8,0.30%,- - -,- - -,- - -,- - -,- - -,- - -,,אי.בי.אי - נגב קופה מרכזית לפיצויים רב מסלולים,429,,-695.6,"143,355.7",0.59%,0.45%,,,,6.18%,1.41%
"שיעור דמי ניהול
ממוצע לשנת
2017",- - -,6.2,982.4,- - -,- - -,- - -,- - -,- - -,5.06%,1.25%,לא פעיל,** דפנה,430,,-695.6,"143,355.7",0.59%,0.45%,,,,6.18%,1.41%
"שיעור דמי ניהול
ממוצע לשנת
2017",- - -,-0.5,289.8,- - -,- - -,- - -,- - -,- - -,6.30%,1.55%,לא פעיל,פסגות יעד,434,,-695.6,"143,355.7",0.59%,0.45%,,,,6.18%,1.41%
"שיעור דמי ניהול
ממוצע לשנת
2017",- - -,0.2,333.9,- - -,- - -,- - -,- - -,- - -,5.81%,1.02%,לא פעיל, *** שקמה,435,,-695.6,"143,355.7",0.59%,0.45%,,,,6.18%,1.41%
"שיעור דמי ניהול
ממוצע לשנת
2017",- - -,-1.2,130.9,- - -,- - -,- - -,- - -,- - -,9.14%,2.33%,לא פעיל, *** אקסלנס אורית,436,,-695.6,"143,355.7",0.59%,0.45%,,,,6.18%,1.41%
"שיעור דמי ניהול
ממוצע לשנת
2017",- - -,-1.8,194.5,- - -,- - -,- - -,- - -,- - -,6.17%,1.38%,לא פעיל, *** נירית כללית,437,,-695.6,"143,355.7",0.59%,0.45%,,,,6.18%,1.41%
"שיעור דמי ניהול
ממוצע לשנת
2017",- - -,8.3,"1,767.2",0.32%,- - -,- - -,- - -,- - -,6.60%,1.41%,,** קרן החיסכון לצבא הקבע כללי,438,,-695.6,"143,355.7",0.59%,0.45%,,,,6.18%,1.41%
"שיעור דמי ניהול
ממוצע לשנת
2017",- - -,1.1,167.1,- - -,- - -,- - -,- - -,- - -,4.70%,1.12%,לא פעיל,מנורה גמל אלדר,439,,-695.6,"143,355.7",0.59%,0.45%,,,,6.18%,1.41%
"שיעור דמי ניהול
ממוצע לשנת
2017",- - -,-0.2,28.2,- - -,- - -,- - -,- - -,- - -,6.66%,1.50%,לא פעיל,שריון,440,,-695.6,"143,355.7",0.59%,0.45%,,,,6.18%,1.41%
"שיעור דמי ניהול
ממוצע לשנת
2017",- - -,1.2,22.5,- - -,- - -,- - -,- - -,- - -,5.20%,1.41%,לא פעיל,מנורה מרכזית לפיצויים מורג,441,,-695.6,"143,355.7",0.59%,0.45%,,,,6.18%,1.41%
"שיעור דמי ניהול
ממוצע לשנת
2017",- - -,-0.1,39.5,0.71%,- - -,- - -,- - -,- - -,6.96%,1.15%,,כלל מרכזית לפיצויים,443,,-695.6,"143,355.7",0.59%,0.45%,,,,6.18%,1.41%
"שיעור דמי ניהול
ממוצע לשנת
2017",- - -,-0.9,83.2,- - -,- - -,- - -,- - -,- - -,8.11%,1.28%,לא פעיל, *** כלל איתן כללי,444,,-695.6,"143,355.7",0.59%,0.45%,,,,6.18%,1.41%
"שיעור דמי ניהול
ממוצע לשנת
2017",- - -,-0.2,1.1,- - -,- - -,- - -,- - -,- - -,5.50%,1.19%,לא פעיל,מכלול,445,,-695.6,"143,355.7",0.59%,0.45%,,,,6.18%,1.41%
"שיעור דמי ניהול
ממוצע לשנת
2017",- - -,0.0,33.0,- - -,- - -,- - -,- - -,- - -,4.31%,0.78%,לא פעיל,רווחה,446,,-695.6,"143,355.7",0.59%,0.45%,,,,6.18%,1.41%
"שיעור דמי ניהול
ממוצע לשנת
2017",- - -,-0.3,37.4,- - -,- - -,- - -,- - -,- - -,8.86%,1.82%,לא פעיל, *** להיט כללי,448,,-695.6,"143,355.7",0.59%,0.45%,,,,6.18%,1.41%
"שיעור דמי ניהול
ממוצע לשנת
2017",- - -,-2.6,540.7,- - -,- - -,- - -,- - -,- - -,12.34%,2.29%,לא פעיל,פסגות רקיע,449,,-695.6,"143,355.7",0.59%,0.45%,,,,6.18%,1.41%
"שיעור דמי ניהול
ממוצע לשנת
2017",- - -,-0.2,249.3,- - -,- - -,- - -,- - -,- - -,12.93%,3.24%,לא פעיל, *** פסגות גדיש בטא,450,,-695.6,"143,355.7",0.59%,0.45%,,,,6.18%,1.41%
"שיעור דמי ניהול
ממוצע לשנת
2017",- - -,4.2,301.0,0.71%,- - -,- - -,- - -,- - -,7.90%,1.40%,, *** כלל השתלמות כללי,456,,-695.6,"143,355.7",0.59%,0.45%,,,,6.18%,1.41%
"שיעור דמי ניהול
ממוצע לשנת
2017",- - -,-0.3,5.3,- - -,- - -,- - -,- - -,- - -,13.13%,1.84%,לא פעיל, *** כלל איתן כללי דגש חזק,460,,-695.6,"143,355.7",0.59%,0.45%,,,,6.18%,1.41%
"שיעור דמי ניהול
ממוצע לשנת
2017",- - -,0.0,2.6,- - -,- - -,- - -,- - -,- - -,6.24%,1.35%,לא פעיל, *** דש דור ברגר-פיצויים,461,,-695.6,"143,355.7",0.59%,0.45%,,,,6.18%,1.41%
"שיעור דמי ניהול
ממוצע לשנת
2017",- - -,0.9,24.2,- - -,- - -,- - -,- - -,- - -,6.03%,1.49%,לא פעיל, *** דש נועם,463,,-695.6,"143,355.7",0.59%,0.45%,,,,6.18%,1.41%
"שיעור דמי ניהול
ממוצע לשנת
2017",- - -,8.6,847.7,0.25%,- - -,- - -,- - -,- - -,- - -,- - -,,** מורים על יסודי,482,,-695.6,"143,355.7",0.59%,0.45%,,,,6.18%,1.41%
"שיעור דמי ניהול
ממוצע לשנת
2017",- - -,29.6,"2,774.4",0.15%,- - -,- - -,- - -,- - -,- - -,- - -,,** מורים וגננות - מסלול כללי,484,,-695.6,"143,355.7",0.59%,0.45%,,,,6.18%,1.41%
"שיעור דמי ניהול
ממוצע לשנת
2017",- - -,11.3,"1,311.1",0.15%,- - -,- - -,- - -,- - -,- - -,- - -,,** מורים תיכוניים - מסלול כללי,485,,-695.6,"143,355.7",0.59%,0.45%,,,,6.18%,1.41%
"שיעור דמי ניהול
ממוצע לשנת
2017",- - -,0.0,17.8,- - -,- - -,- - -,- - -,- - -,6.01%,0.57%,לא פעיל,מיטב גאון גמל-כללי,486,,-695.6,"143,355.7",0.59%,0.45%,,,,6.18%,1.41%
"שיעור דמי ניהול
ממוצע לשנת
2017",- - -,1.3,37.9,- - -,- - -,- - -,- - -,- - -,5.61%,1.33%,לא פעיל, *** דש דור ברגר-תגמולים,501,,-695.6,"143,355.7",0.59%,0.45%,,,,6.18%,1.41%
"שיעור דמי ניהול
ממוצע לשנת
2017",- - -,0.4,31.8,0.58%,0.12%,- - -,- - -,- - -,2.51%,0.69%,," *** הראל גמל מסלול אג""ח עד 20% מניות ",502,,-695.6,"143,355.7",0.59%,0.45%,,,,6.18%,1.41%
"שיעור דמי ניהול
ממוצע לשנת
2017",- - -,0.0,65.4,- - -,- - -,- - -,- - -,- - -,- - -,- - -,לא פעיל, *** פועלים חקלאיים-פיצויים,503,,-695.6,"143,355.7",0.59%,0.45%,,,,6.18%,1.41%
"שיעור דמי ניהול
ממוצע לשנת
2017",- - -,0.0,3.8,- - -,- - -,- - -,- - -,- - -,3.16%,0.76%,לא פעיל,גילעד מרכזית,504,,-695.6,"143,355.7",0.59%,0.45%,,,,6.18%,1.41%
"שיעור דמי ניהול
ממוצע לשנת
2017",- - -,-2.6,401.0,0.34%,- - -,- - -,- - -,- - -,3.26%,1.00%,,** סוכנות-תגמולים,505,,-695.6,"143,355.7",0.59%,0.45%,,,,6.18%,1.41%
"שיעור דמי ניהול
ממוצע לשנת
2017",- - -,0.5,142.9,- - -,- - -,- - -,- - -,- - -,4.04%,1.29%,לא פעיל,ק.ג.מ - תגמולים,506,,-695.6,"143,355.7",0.59%,0.45%,,,,6.18%,1.41%
"שיעור דמי ניהול
ממוצע לשנת
2017",- - -,0.3,28.7,2.00%,- - -,- - -,- - -,- - -,- - -,- - -,,** חקלאים-אחרות,507,,-695.6,"143,355.7",0.59%,0.45%,,,,6.18%,1.41%
"שיעור דמי ניהול
ממוצע לשנת
2017",- - -,0.5,17.5,- - -,- - -,- - -,- - -,- - -,3.69%,1.02%,לא פעיל,יובלים-תגמולים,508,,-695.6,"143,355.7",0.59%,0.45%,,,,6.18%,1.41%
"שיעור דמי ניהול
ממוצע לשנת
2017",- - -,-0.2,11.8,1.31%,- - -,- - -,- - -,- - -,3.95%,1.24%,לא פעיל,יובלים-אחרות,510,,-695.6,"143,355.7",0.59%,0.45%,,,,6.18%,1.41%
"שיעור דמי ניהול
ממוצע לשנת
2017",- - -,1.0,383.4,- - -,- - -,- - -,- - -,- - -,5.37%,1.68%,לא פעיל, *** איילון מקפת תגמולים - כללי,511,,-695.6,"143,355.7",0.59%,0.45%,,,,6.18%,1.41%
"שיעור דמי ניהול
ממוצע לשנת
2017",- - -,0.1,35.3,- - -,- - -,- - -,- - -,- - -,5.14%,1.37%,לא פעיל, *** איילון מרכזית לפיצויים כללי,512,,-695.6,"143,355.7",0.59%,0.45%,,,,6.18%,1.41%
"שיעור דמי ניהול
ממוצע לשנת
2017",- - -,-0.3,6.9,1.96%,- - -,- - -,- - -,- - -,4.76%,1.84%,,מקפת-אחרות,513,,-695.6,"143,355.7",0.59%,0.45%,,,,6.18%,1.41%
"שיעור דמי ניהול
ממוצע לשנת
2017",- - -,0.0,18.8,- - -,- - -,- - -,- - -,- - -,4.97%,1.44%,לא פעיל, *** איילון מקפת השתלמות - כללי,514,,-695.6,"143,355.7",0.59%,0.45%,,,,6.18%,1.41%
"שיעור דמי ניהול
ממוצע לשנת
2017",- - -,-0.9,41.9,- - -,- - -,- - -,- - -,- - -,8.19%,2.71%,לא פעיל, *** מגן תגמולים,515,,-695.6,"143,355.7",0.59%,0.45%,,,,6.18%,1.41%
"שיעור דמי ניהול
ממוצע לשנת
2017",- - -,0.0,2.9,- - -,- - -,- - -,- - -,- - -,4.50%,1.57%,לא פעיל,מגן-פיצויים,516,,-695.6,"143,355.7",0.59%,0.45%,,,,6.18%,1.41%
"שיעור דמי ניהול
ממוצע לשנת
2017",- - -,1.0,244.1,- - -,- - -,- - -,- - -,- - -,3.15%,0.91%,לא פעיל, *** תלם-חריש,517,,-695.6,"143,355.7",0.59%,0.45%,,,,6.18%,1.41%
"שיעור דמי ניהול
ממוצע לשנת
2017",- - -,0.2,185.1,- - -,- - -,- - -,- - -,- - -,5.37%,1.70%,לא פעיל,הראל - נתיב,518,,-695.6,"143,355.7",0.59%,0.45%,,,,6.18%,1.41%
"שיעור דמי ניהול
ממוצע לשנת
2017",- - -,-0.3,53.4,0.59%,0.00%,- - -,- - -,- - -,5.19%,1.19%,לא פעיל," *** הפניקס תגמולים ופיצויים - מסלול אג""ח עד 25% מניות",521,,-695.6,"143,355.7",0.59%,0.45%,,,,6.18%,1.41%
"שיעור דמי ניהול
ממוצע לשנת
2017",- - -,0.2,69.8,0.75%,- - -,- - -,- - -,- - -,4.23%,0.79%,,** בנין-אחרות,523,,-695.6,"143,355.7",0.59%,0.45%,,,,6.18%,1.41%
"שיעור דמי ניהול
ממוצע לשנת
2017",- - -,0.5,739.1,- - -,- - -,- - -,- - -,- - -,5.43%,1.42%,לא פעיל,מבטחים-תגמולים,524,,-695.6,"143,355.7",0.59%,0.45%,,,,6.18%,1.41%
"שיעור דמי ניהול
ממוצע לשנת
2017",- - -,3.1,264.5,2.00%,- - -,- - -,- - -,- - -,5.63%,1.29%,,מבטחים-אחרות,526,,-695.6,"143,355.7",0.59%,0.45%,,,,6.18%,1.41%
"שיעור דמי ניהול
ממוצע לשנת
2017",- - -,-0.6,124.8,- - -,- - -,- - -,- - -,- - -,10.62%,1.77%,לא פעיל,ישיר תעוזה,527,,-695.6,"143,355.7",0.59%,0.45%,,,,6.18%,1.41%
"שיעור דמי ניהול
ממוצע לשנת
2017",- - -,-1.7,394.2,0.40%,- - -,- - -,- - -,- - -,- - -,- - -,,אקסלנס גמולה מבטיחת תשואה,528,,-695.6,"143,355.7",0.59%,0.45%,,,,6.18%,1.41%
"שיעור דמי ניהול
ממוצע לשנת
2017",- - -,-1.0,26.1,0.45%,- - -,- - -,- - -,- - -,- - -,- - -,,מיטב דש ביטחון מבטיח תשואה 5.5%,529,,-695.6,"143,355.7",0.59%,0.45%,,,,6.18%,1.41%
"שיעור דמי ניהול
ממוצע לשנת
2017",- - -,-2.1,452.6,0.40%,- - -,- - -,- - -,- - -,- - -,- - -,,מנורה מבטחים יותר מסלול א,530,,-695.6,"143,355.7",0.59%,0.45%,,,,6.18%,1.41%
"שיעור דמי ניהול
ממוצע לשנת
2017",- - -,-0.8,39.1,0.40%,- - -,- - -,- - -,- - -,- - -,- - -,,מנורה מבטחים יותר מסלול ב,531,,-695.6,"143,355.7",0.59%,0.45%,,,,6.18%,1.41%
"שיעור דמי ניהול
ממוצע לשנת
2017",- - -,-17.4,"3,070.9",0.53%,- - -,- - -,- - -,- - -,- - -,- - -,,מנורה מבטחים יותר מסלול ג,532,,-695.6,"143,355.7",0.59%,0.45%,,,,6.18%,1.41%
"שיעור דמי ניהול
ממוצע לשנת
2017",- - -,0.1,79.5,0.54%,- - -,- - -,- - -,- - -,- - -,- - -,,מנורה מבטחים אמיר מדד ידוע,533,,-695.6,"143,355.7",0.59%,0.45%,,,,6.18%,1.41%
"שיעור דמי ניהול
ממוצע לשנת
2017",- - -,-0.3,139.7,- - -,- - -,- - -,- - -,- - -,- - -,- - -,לא פעיל,מנורה גמל פלס ב,534,,-695.6,"143,355.7",0.59%,0.45%,,,,6.18%,1.41%
"שיעור דמי ניהול
ממוצע לשנת
2017",- - -,0.0,61.1,0.40%,- - -,- - -,- - -,- - -,- - -,- - -,,מנורה מבטחים אמיר מדד בגין,536,,-695.6,"143,355.7",0.59%,0.45%,,,,6.18%,1.41%
"שיעור דמי ניהול
ממוצע לשנת
2017",- - -,-0.9,"1,195.1",0.32%,- - -,- - -,- - -,- - -,- - -,- - -,,בר א,539,,-695.6,"143,355.7",0.59%,0.45%,,,,6.18%,1.41%
"שיעור דמי ניהול
ממוצע לשנת
2017",- - -,-0.2,5.5,- - -,- - -,- - -,- - -,- - -,3.01%,0.66%,לא פעיל, *** חיננית-בינוני,541,,-695.6,"143,355.7",0.59%,0.45%,,,,6.18%,1.41%
"שיעור דמי ניהול
ממוצע לשנת
2017",- - -,-0.1,2.8,- - -,- - -,- - -,- - -,- - -,3.19%,1.95%,לא פעיל, *** חיננית-ארוך,542,,-695.6,"143,355.7",0.59%,0.45%,,,,6.18%,1.41%
"שיעור דמי ניהול
ממוצע לשנת
2017",- - -,1.0,6.0,- - -,- - -,- - -,- - -,- - -,3.23%,0.57%,לא פעיל," *** חיננית-מט""ח",543,,-695.6,"143,355.7",0.59%,0.45%,,,,6.18%,1.41%
"שיעור דמי ניהול
ממוצע לשנת
2017",- - -,-1.5,36.2,- - -,- - -,- - -,- - -,- - -,13.54%,3.20%,לא פעיל, *** חיננית-מניות,544,,-695.6,"143,355.7",0.59%,0.45%,,,,6.18%,1.41%
"שיעור דמי ניהול
ממוצע לשנת
2017",- - -,-0.8,34.3,- - -,- - -,- - -,- - -,- - -,3.72%,1.01%,לא פעיל, *** חיננית-שקלי,545,,-695.6,"143,355.7",0.59%,0.45%,,,,6.18%,1.41%
"שיעור דמי ניהול
ממוצע לשנת
2017",- - -,-0.1,19.9,- - -,- - -,- - -,- - -,- - -,3.85%,0.47%,לא פעיל, *** אלטשולר שחם גמל להיט קלאסי,546,,-695.6,"143,355.7",0.59%,0.45%,,,,6.18%,1.41%
"שיעור דמי ניהול
ממוצע לשנת
2017",- - -,0.1,54.2,- - -,- - -,- - -,- - -,- - -,14.75%,2.28%,לא פעיל, *** פסגות סגנון גמל מניות,547,,-695.6,"143,355.7",0.59%,0.45%,,,,6.18%,1.41%
"שיעור דמי ניהול
ממוצע לשנת
2017",- - -,0.9,17.3,- - -,- - -,- - -,- - -,- - -,1.85%,-0.55%,לא פעיל," *** פסגות גדיש אג""ח חו""ל",548,,-695.6,"143,355.7",0.59%,0.45%,,,,6.18%,1.41%
"שיעור דמי ניהול
ממוצע לשנת
2017",- - -,-0.5,20.7,- - -,- - -,- - -,- - -,- - -,3.12%,1.08%,לא פעיל, *** פסגות גמל מדדית,549,,-695.6,"143,355.7",0.59%,0.45%,,,,6.18%,1.41%
"שיעור דמי ניהול
ממוצע לשנת
2017",- - -,-1.5,116.0,- - -,- - -,- - -,- - -,- - -,5.20%,1.07%,לא פעיל, *** פסגות גדיש שקלית,550,,-695.6,"143,355.7",0.59%,0.45%,,,,6.18%,1.41%
"שיעור דמי ניהול
ממוצע לשנת
2017",- - -,0.6,24.9,0.55%,0.14%,- - -,- - -,- - -,5.51%,1.18%,, *** מיטב דש גמל לבני 60 ומעלה,551,,-695.6,"143,355.7",0.59%,0.45%,,,,6.18%,1.41%
"שיעור דמי ניהול
ממוצע לשנת
2017",- - -,2.3,69.8,- - -,- - -,- - -,- - -,- - -,9.26%,2.33%,לא פעיל, *** דש גמל,552,,-695.6,"143,355.7",0.59%,0.45%,,,,6.18%,1.41%
"שיעור דמי ניהול
ממוצע לשנת
2017",- - -,0.1,26.7,- - -,- - -,- - -,- - -,- - -,8.21%,1.75%,לא פעיל, *** דש - פיצויים,553,,-695.6,"143,355.7",0.59%,0.45%,,,,6.18%,1.41%
"שיעור דמי ניהול
ממוצע לשנת
2017",- - -,5.5,86.4,0.74%,- - -,- - -,- - -,- - -,8.02%,1.82%,, *** מיטב דש השתלמות עד 6 שנות וותק,554,,-695.6,"143,355.7",0.59%,0.45%,,,,6.18%,1.41%
"שיעור דמי ניהול
ממוצע לשנת
2017",- - -,1.6,98.3,- - -,- - -,- - -,- - -,- - -,4.50%,1.18%,לא פעיל,** יניר כללי,555,,-695.6,"143,355.7",0.59%,0.45%,,,,6.18%,1.41%
"שיעור דמי ניהול
ממוצע לשנת
2017",- - -,-0.9,138.5,0.20%,- - -,- - -,- - -,- - -,5.02%,1.55%,, *** ** מחוג מסלול כללי,556,,-695.6,"143,355.7",0.59%,0.45%,,,,6.18%,1.41%
"שיעור דמי ניהול
ממוצע לשנת
2017",- - -,4.7,234.6,- - -,- - -,- - -,- - -,- - -,4.56%,1.34%,לא פעיל, *** ** מחוג 5,559,,-695.6,"143,355.7",0.59%,0.45%,,,,6.18%,1.41%
"שיעור דמי ניהול
ממוצע לשנת
2017",- - -,0.5,10.6,- - -,- - -,- - -,- - -,- - -,13.62%,2.75%,לא פעיל, *** אנליסט השתלמות כללי,560,,-695.6,"143,355.7",0.59%,0.45%,,,,6.18%,1.41%
"שיעור דמי ניהול
ממוצע לשנת
2017",- - -,2.2,185.6,- - -,- - -,- - -,- - -,- - -,7.65%,0.83%,לא פעיל, *** להבה מסלול כללי,561,,-695.6,"143,355.7",0.59%,0.45%,,,,6.18%,1.41%
"שיעור דמי ניהול
ממוצע לשנת
2017",- - -,0.8,39.5,- - -,- - -,- - -,- - -,- - -,3.24%,0.96%,לא פעיל, *** רותם,562,,-695.6,"143,355.7",0.59%,0.45%,,,,6.18%,1.41%
"שיעור דמי ניהול
ממוצע לשנת
2017",- - -,0.0,20.1,- - -,- - -,- - -,- - -,- - -,1.83%,0.77%,לא פעיל,ישיר מתן 2001,563,,-695.6,"143,355.7",0.59%,0.45%,,,,6.18%,1.41%
"שיעור דמי ניהול
ממוצע לשנת
2017",- - -,1.7,106.1,- - -,- - -,- - -,- - -,- - -,6.07%,1.34%,לא פעיל,משגב,564,,-695.6,"143,355.7",0.59%,0.45%,,,,6.18%,1.41%
"שיעור דמי ניהול
ממוצע לשנת
2017",- - -,0.0,0.5,- - -,- - -,- - -,- - -,- - -,- - -,1.68%,לא פעיל,סמל השתלמות,565,,-695.6,"143,355.7",0.59%,0.45%,,,,6.18%,1.41%
"שיעור דמי ניהול
ממוצע לשנת
2017",- - -,0.4,4.9,0.75%,- - -,- - -,- - -,- - -,4.64%,0.82%,, *** מגדל השתלמות כללי,579,,-695.6,"143,355.7",0.59%,0.45%,,,,6.18%,1.41%
"שיעור דמי ניהול
ממוצע לשנת
2017",- - -,0.0,8.5,0.18%,- - -,- - -,- - -,- - -,3.28%,0.60%,,** שיבולת - השתלמות,580,,-695.6,"143,355.7",0.59%,0.45%,,,,6.18%,1.41%
"שיעור דמי ניהול
ממוצע לשנת
2017",- - -,0.0,144.1,0.65%,- - -,- - -,- - -,- - -,7.30%,1.63%,,** כור - תדיראן קופת גמל מרכזית לפיצויים,581,,-695.6,"143,355.7",0.59%,0.45%,,,,6.18%,1.41%
"שיעור דמי ניהול
ממוצע לשנת
2017",- - -,0.1,184.0,0.66%,- - -,- - -,- - -,- - -,- - -,1.55%,,** כור-תדיראן מסלול כללי,582,,-695.6,"143,355.7",0.59%,0.45%,,,,6.18%,1.41%
"שיעור דמי ניהול
ממוצע לשנת
2017",- - -,0.7,7.7,- - -,- - -,- - -,- - -,- - -,3.48%,1.22%,לא פעיל,יובלים - השתלמות,585,,-695.6,"143,355.7",0.59%,0.45%,,,,6.18%,1.41%
"שיעור דמי ניהול
ממוצע לשנת
2017",- - -,0.0,0.1,1.11%,- - -,- - -,- - -,- - -,1.13%,-2.37%,לא פעיל,יובלים-חופשה,586,,-695.6,"143,355.7",0.59%,0.45%,,,,6.18%,1.41%
"שיעור דמי ניהול
ממוצע לשנת
2017",- - -,0.0,20.3,0.67%,- - -,- - -,- - -,- - -,2.86%,0.70%,," *** אלטשולר שחם פיצויים אג""ח עד 15% במניות",588,,-695.6,"143,355.7",0.59%,0.45%,,,,6.18%,1.41%
"שיעור דמי ניהול
ממוצע לשנת
2017",- - -,0.0,3.2,- - -,- - -,- - -,- - -,- - -,4.02%,1.59%,לא פעיל, *** יובלים - מרכזית,589,,-695.6,"143,355.7",0.59%,0.45%,,,,6.18%,1.41%
"שיעור דמי ניהול
ממוצע לשנת
2017",- - -,0.0,13.9,- - -,- - -,- - -,- - -,- - -,- - -,- - -,לא פעיל,"** אי.בי.אי - נגב קופה מרכזית לפיצויים מסלול אג""ח",591,,-695.6,"143,355.7",0.59%,0.45%,,,,6.18%,1.41%
"שיעור דמי ניהול
ממוצע לשנת
2017",- - -,5.2,26.4,0.51%,0.07%,- - -,- - -,- - -,5.55%,0.93%,,כלל תמר שקלים,592,,-695.6,"143,355.7",0.59%,0.45%,,,,6.18%,1.41%
"שיעור דמי ניהול
ממוצע לשנת
2017",- - -,-0.1,1.5,- - -,- - -,- - -,- - -,- - -,6.17%,1.16%,לא פעיל,תגמולים במושבים-פיצויים,593,,-695.6,"143,355.7",0.59%,0.45%,,,,6.18%,1.41%
"שיעור דמי ניהול
ממוצע לשנת
2017",- - -,-0.7,3.2,- - -,- - -,- - -,- - -,- - -,4.98%,1.40%,לא פעיל, *** תגב - מדדי טווח בינוני,594,,-695.6,"143,355.7",0.59%,0.45%,,,,6.18%,1.41%
"שיעור דמי ניהול
ממוצע לשנת
2017",- - -,0.0,0.6,- - -,- - -,- - -,- - -,- - -,16.04%,2.84%,לא פעיל, *** תגב - מנייתי,595,,-695.6,"143,355.7",0.59%,0.45%,,,,6.18%,1.41%
"שיעור דמי ניהול
ממוצע לשנת
2017",- - -,1.0,1.0,- - -,- - -,- - -,- - -,- - -,- - -,- - -,לא פעיל,תגמולים במושבים - מדדי טווח ארוך,596,,-695.6,"143,355.7",0.59%,0.45%,,,,6.18%,1.41%
"שיעור דמי ניהול
ממוצע לשנת
2017",- - -,0.0,0.7,0.66%,- - -,- - -,- - -,- - -,5.21%,1.01%,," *** מגדל השתלמות אג""ח עד 10% מניות",599,,-695.6,"143,355.7",0.59%,0.45%,,,,6.18%,1.41%
"שיעור דמי ניהול
ממוצע לשנת
2017",- - -,2.4,11.2,- - -,- - -,- - -,- - -,- - -,16.60%,3.81%,לא פעיל, *** מיטב דש גמל חכם לבני 40-50,600,,-695.6,"143,355.7",0.59%,0.45%,,,,6.18%,1.41%
"שיעור דמי ניהול
ממוצע לשנת
2017",- - -,0.0,8.8,- - -,- - -,- - -,- - -,- - -,2.32%,0.56%,לא פעיל,יובלים - מחלה,601,,-695.6,"143,355.7",0.59%,0.45%,,,,6.18%,1.41%
"שיעור דמי ניהול
ממוצע לשנת
2017",- - -,0.5,75.5,0.29%,- - -,- - -,- - -,- - -,- - -,- - -,,פסגות מסלולית לפיצויים,616,,-695.6,"143,355.7",0.59%,0.45%,,,,6.18%,1.41%
"שיעור דמי ניהול
ממוצע לשנת
2017",- - -,0.0,1.8,- - -,- - -,- - -,- - -,- - -,- - -,- - -,לא פעיל,גליל,617,,-695.6,"143,355.7",0.59%,0.45%,,,,6.18%,1.41%
"שיעור דמי ניהול
ממוצע לשנת
2017",- - -,0.1,44.6,- - -,- - -,- - -,- - -,- - -,- - -,1.54%,לא פעיל, *** פסגות קופה לתשלום דמי מחלה,635,,-695.6,"143,355.7",0.59%,0.45%,,,,6.18%,1.41%
"שיעור דמי ניהול
ממוצע לשנת
2017",- - -,2.5,29.9,- - -,- - -,- - -,- - -,- - -,- - -,1.19%,לא פעיל, *** ** רשף - כללי,636,,-695.6,"143,355.7",0.59%,0.45%,,,,6.18%,1.41%
"שיעור דמי ניהול
ממוצע לשנת
2017",- - -,5.4,82.2,- - -,- - -,- - -,- - -,- - -,- - -,1.12%,לא פעיל, *** ** גל  מסלול כללי,637,,-695.6,"143,355.7",0.59%,0.45%,,,,6.18%,1.41%
"שיעור דמי ניהול
ממוצע לשנת
2017",- - -,0.0,30.8,0.57%,0.04%,- - -,- - -,- - -,16.37%,3.20%,,אנליסט גמל ישראל,811,,-695.6,"143,355.7",0.59%,0.45%,,,,6.18%,1.41%
"שיעור דמי ניהול
ממוצע לשנת
2017",- - -,-0.7,17.7,- - -,- - -,- - -,- - -,- - -,10.86%,2.07%,לא פעיל, *** אנליסט גמל כללי,812,,-695.6,"143,355.7",0.59%,0.45%,,,,6.18%,1.41%
"שיעור דמי ניהול
ממוצע לשנת
2017",- - -,0.2,28.5,- - -,- - -,- - -,- - -,- - -,6.02%,1.13%,לא פעיל,גאון השתלמות-לכיש כללי,829,,-695.6,"143,355.7",0.59%,0.45%,,,,6.18%,1.41%
"שיעור דמי ניהול
ממוצע לשנת
2017",- - -,-2.2,97.0,0.68%,- - -,- - -,- - -,- - -,4.88%,1.13%,," *** מיטב דש פיצויים אג""ח ללא מניות",1107,,-695.6,"143,355.7",0.59%,0.45%,,,,6.18%,1.41%

Textbox23,Textbox46,TZVIRA_NETO,YIT_NCHASIM_BFOAL,SHIUR_DMEI_NIHUL_AHARON,SHIUR_DMEI_NIHUL_AHARON2,Textbox48,Textbox51,Textbox55,Textbox39,TSUA_MITZ_TKUFA,SHM_SUG_KUPA,Textbox49,Textbox25,Textbox26,Textbox27,Textbox45,Textbox50,Textbox54,Textbox56,Textbox30,Textbox31
"שיעור דמי ניהול
ממוצע לשנת
2017",,-618.0,"95,768.8",0.58%,0.47%,,,,6.33%,1.46%,תגמולים ואישית לפיצויים,,-695.6,"143,355.7",0.59%,0.45%,,,,6.18%,1.41%
"שיעור דמי ניהול
ממוצע לשנת
2017",,-20.0,"33,615.8",0.61%,,,,,5.87%,1.33%,קרנות השתלמות,,-695.6,"143,355.7",0.59%,0.45%,,,,6.18%,1.41%
"שיעור דמי ניהול
ממוצע לשנת
2017",,-60.9,"13,423.5",0.52%,,,,,5.86%,1.31%,מרכזית לפיצויים,,-695.6,"143,355.7",0.59%,0.45%,,,,6.18%,1.41%
"שיעור דמי ניהול
ממוצע לשנת
2017",,3.3,547.7,1.95%,,,,,5.14%,1.11%,מטרה אחרת,,-695.6,"143,355.7",0.59%,0.45%,,,,6.18%,1.41%

